-- phpMyAdmin SQL Dump
-- version 4.0.10.10
-- http://www.phpmyadmin.net
--
-- Хост: 127.0.0.1:3306
-- Время создания: Авг 03 2016 г., 13:54
-- Версия сервера: 5.5.45
-- Версия PHP: 5.6.12

SET SQL_MODE = "NO_AUTO_VALUE_ON_ZERO";
SET time_zone = "+00:00";


/*!40101 SET @OLD_CHARACTER_SET_CLIENT=@@CHARACTER_SET_CLIENT */;
/*!40101 SET @OLD_CHARACTER_SET_RESULTS=@@CHARACTER_SET_RESULTS */;
/*!40101 SET @OLD_COLLATION_CONNECTION=@@COLLATION_CONNECTION */;
/*!40101 SET NAMES utf8 */;

--
-- База данных: `country`
--

-- --------------------------------------------------------

--
-- Структура таблицы `clients2`
--

CREATE TABLE IF NOT EXISTS `clients2` (
  `id` int(10) unsigned NOT NULL AUTO_INCREMENT,
  `email` varchar(50) NOT NULL DEFAULT '0',
  `date` varchar(50) NOT NULL DEFAULT '0',
  `sum` varchar(50) NOT NULL DEFAULT '0',
  `current_date` timestamp NOT NULL DEFAULT CURRENT_TIMESTAMP,
  `different_day` int(5) unsigned DEFAULT NULL,
  PRIMARY KEY (`id`)
) ENGINE=InnoDB  DEFAULT CHARSET=utf8 AUTO_INCREMENT=606 ;

--
-- Дамп данных таблицы `clients2`
--

INSERT INTO `clients2` (`id`, `email`, `date`, `sum`, `current_date`, `different_day`) VALUES
(1, 'vera_sanzhimitupova@mail.ru\r\n', '11.05.2016', '30000', '2016-05-25 15:38:57', 14),
(2, 'matrena-konstantinova@mail.ru\r\n', '12.05.2016', '5000', '2016-05-25 15:38:57', 13),
(3, 'tnoeva@list.ru\r\n', '12.05.2016', '5000', '2016-05-25 15:38:57', 13),
(4, 'slepaleksandra@mail.ru\r\n', '11.05.2016', '5000', '2016-05-25 15:38:57', 14),
(5, 'doktorov.66@mail.ru\r\n', '14.05.2016', '30000', '2016-05-25 15:38:57', 11),
(6, 'danstaskevic@mail.ru\r\n', '14.05.2016', '5000', '2016-05-25 15:38:57', 11),
(7, 'emirkereitov@gmail.com\r\n', '10.05.2016', '70000', '2016-05-25 15:38:57', 15),
(8, 'u.Larka@mail.ru\r\n', '12.05.2016', '80000', '2016-05-25 15:38:57', 13),
(9, 'krispanda111@gmail.com\r\n', '13.05.2016', '450000', '2016-05-25 15:38:57', 12),
(10, 'Simon_art69@mail.ru\r\n', '13.05.2016', '50000', '2016-05-25 15:38:57', 12),
(11, 'matann1965@mail.ru\r\n', '17.05.2016', '10000', '2016-05-25 15:38:57', 8),
(12, 'arturellyaev@mail.ru\r\n', '17.05.2016', '500000', '2016-05-25 15:38:57', 8),
(13, 'erkinnik99@mail.ru\r\n', '17.05.2016', '20000', '2016-05-25 15:38:57', 8),
(14, 'yurisiv98@mail.ru\r\n', '17.05.2016', '5000', '2016-05-25 15:38:57', 8),
(15, 'alenatim199918@gmail.com\r\n', '17.05.2016', '20000', '2016-05-25 15:38:57', 8),
(16, 'mironertyukov@list.ru\r\n', '10.05.2016', '300000', '2016-05-25 15:38:57', 15),
(17, 'ttorg72@mail.ru\r\n', '12.05.2016', '500000', '2016-05-25 15:38:57', 13),
(18, 'mr.rodomir@mail.ru\r\n', '17.05.2016', '50000', '2016-05-25 15:38:57', 8),
(19, 'nadikkaa84@mail.ru\r\n', '17.05.2016', '500000', '2016-05-25 15:38:57', 8),
(20, 'anya.kychkina@mail.ru\r\n', '17.05.2016', '300000', '2016-05-25 15:38:57', 8),
(21, 'popovnik2301@mail.ru\r\n', '16.05.2016', '300000', '2016-05-25 15:38:57', 9),
(22, 'ulya.ayanitova@mail.ru\r\n', '16.05.2016', '20000', '2016-05-25 15:38:57', 9),
(23, 'arin.pav@mail.ru\r\n', '16.05.2016', '5000', '2016-05-25 15:38:57', 9),
(24, 'sajnaarakorakina@gmail.com\r\n', '16.05.2016', '50000', '2016-05-25 15:38:57', 9),
(25, 'klavdiya.nikolaeva.49@mail.ru\r\n', '17.05.2016', '100000', '2016-05-25 15:38:57', 8),
(26, 'mikhail.efimov.64@mail.ru\r\n', '10.05.2016', '50000', '2016-05-25 15:38:57', 15),
(27, 'PNIKOLAY90@mail.ru\r\n', '11.05.2016', '450000', '2016-05-25 15:38:57', 14),
(28, 'ildora75@mail.ru\r\n', '17.05.2016', '50000', '2016-05-25 15:38:57', 8),
(29, 'tanya_nik_1983@mail.ru\r\n', '15.05.2016', '500000', '2016-05-25 15:38:57', 10),
(30, 'nov68darya@mail.ru\r\n', '17.05.2016', '30000', '2016-05-25 15:38:57', 8),
(31, 'siv86marfa@mail.ru\r\n', '17.05.2016', '30000', '2016-05-25 15:38:57', 8),
(32, 'makar.sv2016@yandex.ru\r\n', '17.05.2016', '450000', '2016-05-25 15:38:57', 8),
(33, 'vas.makarova99@mail.ru\r\n', '17.05.2016', '5000', '2016-05-25 15:38:57', 8),
(34, 'radnaev150489@mail.ru\r\n', '17.05.2016', '5000', '2016-05-25 15:38:57', 8),
(35, 'Argakovaalena@mail.ru\r\n', '17.05.2016', '350000', '2016-05-25 15:38:57', 8),
(36, 'alinka0187@mail.ru\r\n', '17.05.2016', '350000', '2016-05-25 15:38:57', 8),
(37, 'arsan-rektime@mail.ru\r\n', '17.05.2016', '350000', '2016-05-25 15:38:57', 8),
(38, 'Yaroi777ykt@mail.ru\r\n', '18.05.2016', '350000', '2016-05-25 15:38:57', 7),
(39, 'a88romanov@gmail.com\r\n', '18.05.2016', '100000', '2016-05-25 15:38:57', 7),
(40, 'pasha_10.12@mail.ru\r\n', '18.05.2016', '50000', '2016-05-25 15:38:57', 7),
(41, 'shurskayas@mail.ru\r\n', '18.05.2016', '500000', '2016-05-25 15:38:57', 7),
(42, 'nne2751@mail.ru\r\n', '18.05.2016', '10000', '2016-05-25 15:38:57', 7),
(43, 'milena14062000@icloud.com\r\n', '18.05.2016', '50000', '2016-05-25 15:38:57', 7),
(44, 'lanatur1952@mail.ru\r\n', '18.05.2016', '10000', '2016-05-25 15:38:57', 7),
(45, 'ylapetrova01@gmail.com\r\n', '18.05.2016', '50000', '2016-05-25 15:38:57', 7),
(46, 'alexandra.60@inbox.ru\r\n', '16.05.2016', '100000', '2016-05-25 15:38:57', 9),
(47, 'bachka_1011@yahoo.com\r\n', '16.05.2016', '350000', '2016-05-25 15:38:57', 9),
(48, 'ant.romanova2015@yandex.ru\r\n', '12.05.2016', '200000', '2016-05-25 15:38:57', 13),
(49, 'Stepanofpmed@gmail.com\r\n', '12.05.2016', '70000', '2016-05-25 15:38:57', 13),
(50, 'env-ykt@yandex.ru\r\n', '13.05.2016', '450000', '2016-05-25 15:38:57', 12),
(51, 'Mahalvovna_89@mail.ru\r\n', '14.05.2016', '70000', '2016-05-25 15:38:57', 11),
(52, 'khpan@mail.ru\r\n', '16.05.2016', '500000', '2016-05-25 15:38:57', 9),
(53, 'aprok000@gmail.com\r\n', '18.05.2016', '350000', '2016-05-25 15:38:57', 7),
(54, 'anastasianazarova6@gmail.com\r\n', '18.05.2016', '200000', '2016-05-25 15:38:57', 7),
(55, 'fedotovasar1980@gmail.com\r\n', '18.05.2016', '450000', '2016-05-25 15:38:57', 7),
(56, 'kyoregei87@mail.ru\r\n', '19.05.2016', '200000', '2016-05-25 15:38:57', 6),
(57, 'nurgunneustroev@mail.ru\r\n', '19.05.2016', '450000', '2016-05-25 15:38:57', 6),
(58, 'Femalestrv@mail.ru\r\n', '19.05.2016', '200000', '2016-05-25 15:38:57', 6),
(59, 'valentin-kolod2016@yandex.ru\r\n', '19.05.2016', '230000', '2016-05-25 15:38:57', 6),
(60, 'yurchenko-alla@list.ru\r\n', '19.05.2016', '50000', '2016-05-25 15:38:57', 6),
(61, 'sivtsevaTV74@mail.ru\r\n', '19.05.2016', '60000', '2016-05-25 15:38:57', 6),
(62, 'antonovaZM85@mail.ru\r\n', '19.05.2016', '150000', '2016-05-25 15:38:57', 6),
(63, 'vinraykon@mail.ru\r\n', '19.05.2016', '50000', '2016-05-25 15:38:57', 6),
(64, 'argunovaLP64@mail.ru\r\n', '19.05.2016', '5000', '2016-05-25 15:38:57', 6),
(65, 'sidorovAM55@mail.ru\r\n', '16.05.2016', '50000', '2016-05-25 15:38:57', 9),
(66, 'albina-stepanova78@mail.ru\r\n', '19.05.2016', '80000', '2016-05-25 15:38:57', 6),
(67, 'anna.polyatinskaya@gmail.com\r\n', '19.05.2016', '250000', '2016-05-25 15:38:57', 6),
(68, 'petrsiv78@mail.ru\r\n', '19.05.2016', '150000', '2016-05-25 15:38:57', 6),
(69, 'impossiblek21@mail.ru\r\n', '18.05.2016', '5000', '2016-05-25 15:38:57', 7),
(70, 'niknikzakharov@mail.ru\r\n', '18.05.2016', '400000', '2016-05-25 15:38:57', 7),
(71, 'lekhanoev1989@mail.ru\r\n', '18.05.2016', '350000', '2016-05-25 15:38:57', 7),
(72, 'Mak_Sakhaya@mail.ru\r\n', '18.05.2016', '90000', '2016-05-25 15:38:57', 7),
(73, 'Lenochkazakharova@mail.ru\r\n', '19.05.2016', '10000', '2016-05-25 15:38:57', 6),
(74, 'I.fedorov1@icloud.com\r\n', '19.05.2016', '350000', '2016-05-25 15:38:57', 6),
(75, 'Vinok_09@mail.ru\r\n', '19.05.2016', '130000', '2016-05-25 15:38:57', 6),
(76, 'Agnessa_Ayanessa2799@mail.ru\r\n', '19.05.2016', '255000', '2016-05-25 15:38:57', 6),
(77, 'petrushin.1964@inbox.ru\r\n', '19.05.2016', '5000', '2016-05-25 15:38:57', 6),
(78, 'gavril.malyshev@mail.ru\r\n', '19.05.2016', '200000', '2016-05-25 15:38:57', 6),
(79, 'darina.fedorova.2001@mail.ru\r\n', '19.05.2016', '30000', '2016-05-25 15:38:57', 6),
(80, 'mzhegusova@mail.ru\r\n', '19.05.2016', '100000', '2016-05-25 15:38:57', 6),
(81, 'pnik2@bk.ru\r\n', '19.05.2016', '350000', '2016-05-25 15:38:57', 6),
(82, 'innokentii_kolod@mail.ru\r\n', '19.05.2016', '350000', '2016-05-25 15:38:57', 6),
(83, 'nsm2751@mail.ru\r\n', '19.05.2016', '10000', '2016-05-25 15:38:57', 6),
(84, 'shanna1956@mail.ru\r\n', '19.05.2016', '10000', '2016-05-25 15:38:57', 6),
(85, 'zapivaloff.dima@yandex.ru\r\n', '19.05.2016', '110000', '2016-05-25 15:38:57', 6),
(86, 'Saaska92@mail.ru\r\n', '19.05.2016', '140000', '2016-05-25 15:38:57', 6),
(87, 'natasha.akimova82@mail.ru\r\n', '19.05.2016', '450000', '2016-05-25 15:38:57', 6),
(88, 'PestryakBB@mail.ru\r\n', '19.05.2016', '60000', '2016-05-25 15:38:57', 6),
(89, 'valentinaser1962@mail.ru\r\n', '10.05.2016', '100000', '2016-05-25 15:38:57', 15),
(90, '864778bochuonai@gmail.com\r\n', '11.05.2016', '450000', '2016-05-25 15:38:57', 14),
(91, 'elinaedgar2009@gmail.com\r\n', '11.05.2016', '250000', '2016-05-25 15:38:57', 14),
(92, 'Tyskyl1@yandex.ru\r\n', '13.05.2016', '500000', '2016-05-25 15:38:57', 12),
(93, 'pushkina_26@mail.ru\r\n', '16.05.2016', '300000', '2016-05-25 15:38:57', 9),
(94, 'ciriusla86@mail.ru\r\n', '17.05.2016', '500000', '2016-05-25 15:38:57', 8),
(95, 'Olga.uarova.88@mail.ru\r\n', '17.05.2016', '250000', '2016-05-25 15:38:57', 8),
(96, 'GSE16@mail.ru\r\n', '17.05.2016', '350000', '2016-05-25 15:38:57', 8),
(97, 'agogol7013@gmail.com\r\n', '17.05.2016', '50000', '2016-05-25 15:38:57', 8),
(98, 'tuyaratarasova1989@mail.ru\r\n', '11.05.2016', '400000', '2016-05-25 15:38:57', 14),
(99, 'alst_12@mail.ru\r\n', '11.05.2016', '20000', '2016-05-25 15:38:57', 14),
(100, '89141077080@mail.ru\r\n', '17.05.2016', '150000', '2016-05-25 15:38:57', 8),
(101, 'stas.borisov89@mail.ru\r\n', '19.05.2016', '500000', '2016-05-25 15:38:57', 6),
(102, 'v.tuyara70@mail.ru\r\n', '19.05.2016', '50000', '2016-05-25 15:38:57', 6),
(103, 'k.svet56@mail.ru\r\n', '19.05.2016', '13000', '2016-05-25 15:38:57', 6),
(104, 'mari.neustroeva.68@mail.ru\r\n', '19.05.2016', '10000', '2016-05-25 15:38:57', 6),
(105, 'ildarpavlov888@mail.ru\r\n', '19.05.2016', '350000', '2016-05-25 15:38:57', 6),
(106, 'agitovna78@mail.ru\r\n', '19.05.2016', '250000', '2016-05-25 15:38:57', 6),
(107, 'ISP1948@mail.ru\r\n', '19.05.2016', '50000', '2016-05-25 15:38:57', 6),
(108, 'lenaafan1961@mail.ru\r\n', '19.05.2016', '100000', '2016-05-25 15:38:57', 6),
(109, 'SNA03021974@mail.ru\r\n', '19.05.2016', '30000', '2016-05-25 15:38:57', 6),
(110, 'akulinalog09@mail.ru\r\n', '16.05.2016', '450000', '2016-05-25 15:38:57', 9),
(111, 'natavas.1959@mail.ru\r\n', '19.05.2016', '150000', '2016-05-25 15:38:57', 6),
(112, 'Dayaana_std@mail.ru\r\n', '19.05.2016', '10000', '2016-05-25 15:38:57', 6),
(113, 'sargilanalebedkina@mail.ru\r\n', '19.05.2016', '350000', '2016-05-25 15:38:57', 6),
(114, 'alexpti79@mail.ru\r\n', '19.05.2016', '50000', '2016-05-25 15:38:57', 6),
(115, 'ameliprokopeva2017@mail.ru\r\n', '12.05.2016', '300000', '2016-05-25 15:38:57', 13),
(116, 'streshstep@mail.ru\r\n', '12.05.2016', '450000', '2016-05-25 15:38:57', 13),
(117, 'sardandreeva138@gmail.com\r\n', '16.05.2016', '100000', '2016-05-25 15:38:57', 9),
(118, 'maknani@bk.ru\r\n', '16.05.2016', '200000', '2016-05-25 15:38:57', 9),
(119, 'ivanov-p75@yandex.ru\r\n', '19.05.2016', '450000', '2016-05-25 15:38:57', 6),
(120, 'doctor_pinigina@mail.com\r\n', '20.05.2016', '100000', '2016-05-25 15:38:57', 5),
(121, 'mscreant@mail.ru', '20.05.2016', '130000', '2016-05-25 15:38:57', 5),
(122, 'vera_sanzhimitupova@mail.ru\r\n', '11.05.2016', '30000', '2016-05-30 10:44:03', 19),
(123, 'matrena-konstantinova@mail.ru\r\n', '12.05.2016', '5000', '2016-05-30 10:44:03', 18),
(124, 'tnoeva@list.ru\r\n', '12.05.2016', '5000', '2016-05-30 10:44:03', 18),
(125, 'slepaleksandra@mail.ru\r\n', '11.05.2016', '5000', '2016-05-30 10:44:03', 19),
(126, 'doktorov.66@mail.ru\r\n', '14.05.2016', '30000', '2016-05-30 10:44:03', 16),
(127, 'danstaskevic@mail.ru\r\n', '14.05.2016', '5000', '2016-05-30 10:44:03', 16),
(128, 'emirkereitov@gmail.com\r\n', '10.05.2016', '70000', '2016-05-30 10:44:03', 20),
(129, 'u.Larka@mail.ru\r\n', '12.05.2016', '80000', '2016-05-30 10:44:03', 18),
(130, 'krispanda111@gmail.com\r\n', '13.05.2016', '450000', '2016-05-30 10:44:03', 17),
(131, 'Simon_art69@mail.ru\r\n', '13.05.2016', '50000', '2016-05-30 10:44:03', 17),
(132, 'matann1965@mail.ru\r\n', '17.05.2016', '10000', '2016-05-30 10:44:03', 13),
(133, 'arturellyaev@mail.ru\r\n', '17.05.2016', '500000', '2016-05-30 10:44:03', 13),
(134, 'erkinnik99@mail.ru\r\n', '17.05.2016', '20000', '2016-05-30 10:44:03', 13),
(135, 'yurisiv98@mail.ru\r\n', '17.05.2016', '5000', '2016-05-30 10:44:03', 13),
(136, 'alenatim199918@gmail.com\r\n', '17.05.2016', '20000', '2016-05-30 10:44:03', 13),
(137, 'mironertyukov@list.ru\r\n', '10.05.2016', '300000', '2016-05-30 10:44:03', 20),
(138, 'ttorg72@mail.ru\r\n', '12.05.2016', '500000', '2016-05-30 10:44:03', 18),
(139, 'mr.rodomir@mail.ru\r\n', '17.05.2016', '50000', '2016-05-30 10:44:03', 13),
(140, 'nadikkaa84@mail.ru\r\n', '17.05.2016', '500000', '2016-05-30 10:44:03', 13),
(141, 'anya.kychkina@mail.ru\r\n', '17.05.2016', '300000', '2016-05-30 10:44:03', 13),
(142, 'popovnik2301@mail.ru\r\n', '16.05.2016', '300000', '2016-05-30 10:44:03', 14),
(143, 'ulya.ayanitova@mail.ru\r\n', '16.05.2016', '20000', '2016-05-30 10:44:03', 14),
(144, 'arin.pav@mail.ru\r\n', '16.05.2016', '5000', '2016-05-30 10:44:03', 14),
(145, 'sajnaarakorakina@gmail.com\r\n', '16.05.2016', '50000', '2016-05-30 10:44:03', 14),
(146, 'klavdiya.nikolaeva.49@mail.ru\r\n', '17.05.2016', '100000', '2016-05-30 10:44:03', 13),
(147, 'mikhail.efimov.64@mail.ru\r\n', '10.05.2016', '50000', '2016-05-30 10:44:03', 20),
(148, 'PNIKOLAY90@mail.ru\r\n', '11.05.2016', '450000', '2016-05-30 10:44:03', 19),
(149, 'ildora75@mail.ru\r\n', '17.05.2016', '50000', '2016-05-30 10:44:03', 13),
(150, 'tanya_nik_1983@mail.ru\r\n', '15.05.2016', '500000', '2016-05-30 10:44:03', 15),
(151, 'nov68darya@mail.ru\r\n', '17.05.2016', '30000', '2016-05-30 10:44:03', 13),
(152, 'siv86marfa@mail.ru\r\n', '17.05.2016', '30000', '2016-05-30 10:44:03', 13),
(153, 'makar.sv2016@yandex.ru\r\n', '17.05.2016', '450000', '2016-05-30 10:44:03', 13),
(154, 'vas.makarova99@mail.ru\r\n', '17.05.2016', '5000', '2016-05-30 10:44:03', 13),
(155, 'radnaev150489@mail.ru\r\n', '17.05.2016', '5000', '2016-05-30 10:44:03', 13),
(156, 'Argakovaalena@mail.ru\r\n', '17.05.2016', '350000', '2016-05-30 10:44:03', 13),
(157, 'alinka0187@mail.ru\r\n', '17.05.2016', '350000', '2016-05-30 10:44:03', 13),
(158, 'arsan-rektime@mail.ru\r\n', '17.05.2016', '350000', '2016-05-30 10:44:03', 13),
(159, 'Yaroi777ykt@mail.ru\r\n', '18.05.2016', '350000', '2016-05-30 10:44:03', 12),
(160, 'a88romanov@gmail.com\r\n', '18.05.2016', '100000', '2016-05-30 10:44:03', 12),
(161, 'pasha_10.12@mail.ru\r\n', '18.05.2016', '50000', '2016-05-30 10:44:03', 12),
(162, 'shurskayas@mail.ru\r\n', '18.05.2016', '500000', '2016-05-30 10:44:03', 12),
(163, 'nne2751@mail.ru\r\n', '18.05.2016', '10000', '2016-05-30 10:44:03', 12),
(164, 'milena14062000@icloud.com\r\n', '18.05.2016', '50000', '2016-05-30 10:44:03', 12),
(165, 'lanatur1952@mail.ru\r\n', '18.05.2016', '10000', '2016-05-30 10:44:03', 12),
(166, 'ylapetrova01@gmail.com\r\n', '18.05.2016', '50000', '2016-05-30 10:44:03', 12),
(167, 'alexandra.60@inbox.ru\r\n', '16.05.2016', '100000', '2016-05-30 10:44:03', 14),
(168, 'bachka_1011@yahoo.com\r\n', '16.05.2016', '350000', '2016-05-30 10:44:03', 14),
(169, 'ant.romanova2015@yandex.ru\r\n', '12.05.2016', '200000', '2016-05-30 10:44:03', 18),
(170, 'Stepanofpmed@gmail.com\r\n', '12.05.2016', '70000', '2016-05-30 10:44:03', 18),
(171, 'env-ykt@yandex.ru\r\n', '13.05.2016', '450000', '2016-05-30 10:44:03', 17),
(172, 'Mahalvovna_89@mail.ru\r\n', '14.05.2016', '70000', '2016-05-30 10:44:03', 16),
(173, 'khpan@mail.ru\r\n', '16.05.2016', '500000', '2016-05-30 10:44:03', 14),
(174, 'aprok000@gmail.com\r\n', '18.05.2016', '350000', '2016-05-30 10:44:03', 12),
(175, 'anastasianazarova6@gmail.com\r\n', '18.05.2016', '200000', '2016-05-30 10:44:03', 12),
(176, 'fedotovasar1980@gmail.com\r\n', '18.05.2016', '450000', '2016-05-30 10:44:03', 12),
(177, 'kyoregei87@mail.ru\r\n', '19.05.2016', '200000', '2016-05-30 10:44:04', 11),
(178, 'nurgunneustroev@mail.ru\r\n', '19.05.2016', '450000', '2016-05-30 10:44:04', 11),
(179, 'Femalestrv@mail.ru\r\n', '19.05.2016', '200000', '2016-05-30 10:44:04', 11),
(180, 'valentin-kolod2016@yandex.ru\r\n', '19.05.2016', '230000', '2016-05-30 10:44:04', 11),
(181, 'yurchenko-alla@list.ru\r\n', '19.05.2016', '50000', '2016-05-30 10:44:04', 11),
(182, 'sivtsevaTV74@mail.ru\r\n', '19.05.2016', '60000', '2016-05-30 10:44:04', 11),
(183, 'antonovaZM85@mail.ru\r\n', '19.05.2016', '150000', '2016-05-30 10:44:04', 11),
(184, 'vinraykon@mail.ru\r\n', '19.05.2016', '50000', '2016-05-30 10:44:04', 11),
(185, 'argunovaLP64@mail.ru\r\n', '19.05.2016', '5000', '2016-05-30 10:44:04', 11),
(186, 'sidorovAM55@mail.ru\r\n', '16.05.2016', '50000', '2016-05-30 10:44:04', 14),
(187, 'albina-stepanova78@mail.ru\r\n', '19.05.2016', '80000', '2016-05-30 10:44:04', 11),
(188, 'anna.polyatinskaya@gmail.com\r\n', '19.05.2016', '250000', '2016-05-30 10:44:04', 11),
(189, 'petrsiv78@mail.ru\r\n', '19.05.2016', '150000', '2016-05-30 10:44:04', 11),
(190, 'impossiblek21@mail.ru\r\n', '18.05.2016', '5000', '2016-05-30 10:44:04', 12),
(191, 'niknikzakharov@mail.ru\r\n', '18.05.2016', '400000', '2016-05-30 10:44:04', 12),
(192, 'lekhanoev1989@mail.ru\r\n', '18.05.2016', '350000', '2016-05-30 10:44:04', 12),
(193, 'Mak_Sakhaya@mail.ru\r\n', '18.05.2016', '90000', '2016-05-30 10:44:04', 12),
(194, 'Lenochkazakharova@mail.ru\r\n', '19.05.2016', '10000', '2016-05-30 10:44:04', 11),
(195, 'I.fedorov1@icloud.com\r\n', '19.05.2016', '350000', '2016-05-30 10:44:04', 11),
(196, 'Vinok_09@mail.ru\r\n', '19.05.2016', '130000', '2016-05-30 10:44:04', 11),
(197, 'Agnessa_Ayanessa2799@mail.ru\r\n', '19.05.2016', '255000', '2016-05-30 10:44:04', 11),
(198, 'petrushin.1964@inbox.ru\r\n', '19.05.2016', '5000', '2016-05-30 10:44:04', 11),
(199, 'gavril.malyshev@mail.ru\r\n', '19.05.2016', '200000', '2016-05-30 10:44:04', 11),
(200, 'darina.fedorova.2001@mail.ru\r\n', '19.05.2016', '30000', '2016-05-30 10:44:04', 11),
(201, 'mzhegusova@mail.ru\r\n', '19.05.2016', '100000', '2016-05-30 10:44:04', 11),
(202, 'pnik2@bk.ru\r\n', '19.05.2016', '350000', '2016-05-30 10:44:04', 11),
(203, 'innokentii_kolod@mail.ru\r\n', '19.05.2016', '350000', '2016-05-30 10:44:04', 11),
(204, 'nsm2751@mail.ru\r\n', '19.05.2016', '10000', '2016-05-30 10:44:04', 11),
(205, 'shanna1956@mail.ru\r\n', '19.05.2016', '10000', '2016-05-30 10:44:04', 11),
(206, 'zapivaloff.dima@yandex.ru\r\n', '19.05.2016', '110000', '2016-05-30 10:44:04', 11),
(207, 'Saaska92@mail.ru\r\n', '19.05.2016', '140000', '2016-05-30 10:44:04', 11),
(208, 'natasha.akimova82@mail.ru\r\n', '19.05.2016', '450000', '2016-05-30 10:44:04', 11),
(209, 'PestryakBB@mail.ru\r\n', '19.05.2016', '60000', '2016-05-30 10:44:04', 11),
(210, 'valentinaser1962@mail.ru\r\n', '10.05.2016', '100000', '2016-05-30 10:44:04', 20),
(211, '864778bochuonai@gmail.com\r\n', '11.05.2016', '450000', '2016-05-30 10:44:04', 19),
(212, 'elinaedgar2009@gmail.com\r\n', '11.05.2016', '250000', '2016-05-30 10:44:04', 19),
(213, 'Tyskyl1@yandex.ru\r\n', '13.05.2016', '500000', '2016-05-30 10:44:04', 17),
(214, 'pushkina_26@mail.ru\r\n', '16.05.2016', '300000', '2016-05-30 10:44:04', 14),
(215, 'ciriusla86@mail.ru\r\n', '17.05.2016', '500000', '2016-05-30 10:44:04', 13),
(216, 'Olga.uarova.88@mail.ru\r\n', '17.05.2016', '250000', '2016-05-30 10:44:04', 13),
(217, 'GSE16@mail.ru\r\n', '17.05.2016', '350000', '2016-05-30 10:44:04', 13),
(218, 'agogol7013@gmail.com\r\n', '17.05.2016', '50000', '2016-05-30 10:44:04', 13),
(219, 'tuyaratarasova1989@mail.ru\r\n', '11.05.2016', '400000', '2016-05-30 10:44:04', 19),
(220, 'alst_12@mail.ru\r\n', '11.05.2016', '20000', '2016-05-30 10:44:04', 19),
(221, '89141077080@mail.ru\r\n', '17.05.2016', '150000', '2016-05-30 10:44:04', 13),
(222, 'stas.borisov89@mail.ru\r\n', '19.05.2016', '500000', '2016-05-30 10:44:04', 11),
(223, 'v.tuyara70@mail.ru\r\n', '19.05.2016', '50000', '2016-05-30 10:44:04', 11),
(224, 'k.svet56@mail.ru\r\n', '19.05.2016', '13000', '2016-05-30 10:44:04', 11),
(225, 'mari.neustroeva.68@mail.ru\r\n', '19.05.2016', '10000', '2016-05-30 10:44:04', 11),
(226, 'ildarpavlov888@mail.ru\r\n', '19.05.2016', '350000', '2016-05-30 10:44:04', 11),
(227, 'agitovna78@mail.ru\r\n', '19.05.2016', '250000', '2016-05-30 10:44:04', 11),
(228, 'ISP1948@mail.ru\r\n', '19.05.2016', '50000', '2016-05-30 10:44:04', 11),
(229, 'lenaafan1961@mail.ru\r\n', '19.05.2016', '100000', '2016-05-30 10:44:04', 11),
(230, 'SNA03021974@mail.ru\r\n', '19.05.2016', '30000', '2016-05-30 10:44:04', 11),
(231, 'akulinalog09@mail.ru\r\n', '16.05.2016', '450000', '2016-05-30 10:44:04', 14),
(232, 'natavas.1959@mail.ru\r\n', '19.05.2016', '150000', '2016-05-30 10:44:04', 11),
(233, 'Dayaana_std@mail.ru\r\n', '19.05.2016', '10000', '2016-05-30 10:44:04', 11),
(234, 'sargilanalebedkina@mail.ru\r\n', '19.05.2016', '350000', '2016-05-30 10:44:04', 11),
(235, 'alexpti79@mail.ru\r\n', '19.05.2016', '50000', '2016-05-30 10:44:04', 11),
(236, 'ameliprokopeva2017@mail.ru\r\n', '12.05.2016', '300000', '2016-05-30 10:44:04', 18),
(237, 'streshstep@mail.ru\r\n', '12.05.2016', '450000', '2016-05-30 10:44:04', 18),
(238, 'sardandreeva138@gmail.com\r\n', '16.05.2016', '100000', '2016-05-30 10:44:04', 14),
(239, 'maknani@bk.ru\r\n', '16.05.2016', '200000', '2016-05-30 10:44:04', 14),
(240, 'ivanov-p75@yandex.ru\r\n', '19.05.2016', '450000', '2016-05-30 10:44:04', 11),
(241, 'doctor_pinigina@mail.com\r\n', '20.05.2016', '100000', '2016-05-30 10:44:04', 10),
(242, 'mscreant@mail.ru', '20.05.2016', '130000', '2016-05-30 10:44:04', 10),
(243, 'vera_sanzhimitupova@mail.ru\r\n', '11.05.2016', '30000', '2016-05-30 10:44:09', 19),
(244, 'matrena-konstantinova@mail.ru\r\n', '12.05.2016', '5000', '2016-05-30 10:44:09', 18),
(245, 'tnoeva@list.ru\r\n', '12.05.2016', '5000', '2016-05-30 10:44:09', 18),
(246, 'slepaleksandra@mail.ru\r\n', '11.05.2016', '5000', '2016-05-30 10:44:09', 19),
(247, 'doktorov.66@mail.ru\r\n', '14.05.2016', '30000', '2016-05-30 10:44:09', 16),
(248, 'danstaskevic@mail.ru\r\n', '14.05.2016', '5000', '2016-05-30 10:44:09', 16),
(249, 'emirkereitov@gmail.com\r\n', '10.05.2016', '70000', '2016-05-30 10:44:09', 20),
(250, 'u.Larka@mail.ru\r\n', '12.05.2016', '80000', '2016-05-30 10:44:09', 18),
(251, 'krispanda111@gmail.com\r\n', '13.05.2016', '450000', '2016-05-30 10:44:09', 17),
(252, 'Simon_art69@mail.ru\r\n', '13.05.2016', '50000', '2016-05-30 10:44:09', 17),
(253, 'matann1965@mail.ru\r\n', '17.05.2016', '10000', '2016-05-30 10:44:09', 13),
(254, 'arturellyaev@mail.ru\r\n', '17.05.2016', '500000', '2016-05-30 10:44:09', 13),
(255, 'erkinnik99@mail.ru\r\n', '17.05.2016', '20000', '2016-05-30 10:44:09', 13),
(256, 'yurisiv98@mail.ru\r\n', '17.05.2016', '5000', '2016-05-30 10:44:09', 13),
(257, 'alenatim199918@gmail.com\r\n', '17.05.2016', '20000', '2016-05-30 10:44:09', 13),
(258, 'mironertyukov@list.ru\r\n', '10.05.2016', '300000', '2016-05-30 10:44:09', 20),
(259, 'ttorg72@mail.ru\r\n', '12.05.2016', '500000', '2016-05-30 10:44:09', 18),
(260, 'mr.rodomir@mail.ru\r\n', '17.05.2016', '50000', '2016-05-30 10:44:09', 13),
(261, 'nadikkaa84@mail.ru\r\n', '17.05.2016', '500000', '2016-05-30 10:44:09', 13),
(262, 'anya.kychkina@mail.ru\r\n', '17.05.2016', '300000', '2016-05-30 10:44:09', 13),
(263, 'popovnik2301@mail.ru\r\n', '16.05.2016', '300000', '2016-05-30 10:44:09', 14),
(264, 'ulya.ayanitova@mail.ru\r\n', '16.05.2016', '20000', '2016-05-30 10:44:09', 14),
(265, 'arin.pav@mail.ru\r\n', '16.05.2016', '5000', '2016-05-30 10:44:09', 14),
(266, 'sajnaarakorakina@gmail.com\r\n', '16.05.2016', '50000', '2016-05-30 10:44:09', 14),
(267, 'klavdiya.nikolaeva.49@mail.ru\r\n', '17.05.2016', '100000', '2016-05-30 10:44:09', 13),
(268, 'mikhail.efimov.64@mail.ru\r\n', '10.05.2016', '50000', '2016-05-30 10:44:09', 20),
(269, 'PNIKOLAY90@mail.ru\r\n', '11.05.2016', '450000', '2016-05-30 10:44:09', 19),
(270, 'ildora75@mail.ru\r\n', '17.05.2016', '50000', '2016-05-30 10:44:09', 13),
(271, 'tanya_nik_1983@mail.ru\r\n', '15.05.2016', '500000', '2016-05-30 10:44:09', 15),
(272, 'nov68darya@mail.ru\r\n', '17.05.2016', '30000', '2016-05-30 10:44:09', 13),
(273, 'siv86marfa@mail.ru\r\n', '17.05.2016', '30000', '2016-05-30 10:44:09', 13),
(274, 'makar.sv2016@yandex.ru\r\n', '17.05.2016', '450000', '2016-05-30 10:44:09', 13),
(275, 'vas.makarova99@mail.ru\r\n', '17.05.2016', '5000', '2016-05-30 10:44:09', 13),
(276, 'radnaev150489@mail.ru\r\n', '17.05.2016', '5000', '2016-05-30 10:44:09', 13),
(277, 'Argakovaalena@mail.ru\r\n', '17.05.2016', '350000', '2016-05-30 10:44:09', 13),
(278, 'alinka0187@mail.ru\r\n', '17.05.2016', '350000', '2016-05-30 10:44:09', 13),
(279, 'arsan-rektime@mail.ru\r\n', '17.05.2016', '350000', '2016-05-30 10:44:09', 13),
(280, 'Yaroi777ykt@mail.ru\r\n', '18.05.2016', '350000', '2016-05-30 10:44:09', 12),
(281, 'a88romanov@gmail.com\r\n', '18.05.2016', '100000', '2016-05-30 10:44:09', 12),
(282, 'pasha_10.12@mail.ru\r\n', '18.05.2016', '50000', '2016-05-30 10:44:09', 12),
(283, 'shurskayas@mail.ru\r\n', '18.05.2016', '500000', '2016-05-30 10:44:09', 12),
(284, 'nne2751@mail.ru\r\n', '18.05.2016', '10000', '2016-05-30 10:44:09', 12),
(285, 'milena14062000@icloud.com\r\n', '18.05.2016', '50000', '2016-05-30 10:44:09', 12),
(286, 'lanatur1952@mail.ru\r\n', '18.05.2016', '10000', '2016-05-30 10:44:09', 12),
(287, 'ylapetrova01@gmail.com\r\n', '18.05.2016', '50000', '2016-05-30 10:44:09', 12),
(288, 'alexandra.60@inbox.ru\r\n', '16.05.2016', '100000', '2016-05-30 10:44:09', 14),
(289, 'bachka_1011@yahoo.com\r\n', '16.05.2016', '350000', '2016-05-30 10:44:09', 14),
(290, 'ant.romanova2015@yandex.ru\r\n', '12.05.2016', '200000', '2016-05-30 10:44:09', 18),
(291, 'Stepanofpmed@gmail.com\r\n', '12.05.2016', '70000', '2016-05-30 10:44:09', 18),
(292, 'env-ykt@yandex.ru\r\n', '13.05.2016', '450000', '2016-05-30 10:44:09', 17),
(293, 'Mahalvovna_89@mail.ru\r\n', '14.05.2016', '70000', '2016-05-30 10:44:09', 16),
(294, 'khpan@mail.ru\r\n', '16.05.2016', '500000', '2016-05-30 10:44:09', 14),
(295, 'aprok000@gmail.com\r\n', '18.05.2016', '350000', '2016-05-30 10:44:09', 12),
(296, 'anastasianazarova6@gmail.com\r\n', '18.05.2016', '200000', '2016-05-30 10:44:09', 12),
(297, 'fedotovasar1980@gmail.com\r\n', '18.05.2016', '450000', '2016-05-30 10:44:09', 12),
(298, 'kyoregei87@mail.ru\r\n', '19.05.2016', '200000', '2016-05-30 10:44:09', 11),
(299, 'nurgunneustroev@mail.ru\r\n', '19.05.2016', '450000', '2016-05-30 10:44:09', 11),
(300, 'Femalestrv@mail.ru\r\n', '19.05.2016', '200000', '2016-05-30 10:44:09', 11),
(301, 'valentin-kolod2016@yandex.ru\r\n', '19.05.2016', '230000', '2016-05-30 10:44:09', 11),
(302, 'yurchenko-alla@list.ru\r\n', '19.05.2016', '50000', '2016-05-30 10:44:09', 11),
(303, 'sivtsevaTV74@mail.ru\r\n', '19.05.2016', '60000', '2016-05-30 10:44:09', 11),
(304, 'antonovaZM85@mail.ru\r\n', '19.05.2016', '150000', '2016-05-30 10:44:09', 11),
(305, 'vinraykon@mail.ru\r\n', '19.05.2016', '50000', '2016-05-30 10:44:09', 11),
(306, 'argunovaLP64@mail.ru\r\n', '19.05.2016', '5000', '2016-05-30 10:44:09', 11),
(307, 'sidorovAM55@mail.ru\r\n', '16.05.2016', '50000', '2016-05-30 10:44:09', 14),
(308, 'albina-stepanova78@mail.ru\r\n', '19.05.2016', '80000', '2016-05-30 10:44:09', 11),
(309, 'anna.polyatinskaya@gmail.com\r\n', '19.05.2016', '250000', '2016-05-30 10:44:09', 11),
(310, 'petrsiv78@mail.ru\r\n', '19.05.2016', '150000', '2016-05-30 10:44:09', 11),
(311, 'impossiblek21@mail.ru\r\n', '18.05.2016', '5000', '2016-05-30 10:44:09', 12),
(312, 'niknikzakharov@mail.ru\r\n', '18.05.2016', '400000', '2016-05-30 10:44:09', 12),
(313, 'lekhanoev1989@mail.ru\r\n', '18.05.2016', '350000', '2016-05-30 10:44:09', 12),
(314, 'Mak_Sakhaya@mail.ru\r\n', '18.05.2016', '90000', '2016-05-30 10:44:09', 12),
(315, 'Lenochkazakharova@mail.ru\r\n', '19.05.2016', '10000', '2016-05-30 10:44:09', 11),
(316, 'I.fedorov1@icloud.com\r\n', '19.05.2016', '350000', '2016-05-30 10:44:09', 11),
(317, 'Vinok_09@mail.ru\r\n', '19.05.2016', '130000', '2016-05-30 10:44:09', 11),
(318, 'Agnessa_Ayanessa2799@mail.ru\r\n', '19.05.2016', '255000', '2016-05-30 10:44:09', 11),
(319, 'petrushin.1964@inbox.ru\r\n', '19.05.2016', '5000', '2016-05-30 10:44:09', 11),
(320, 'gavril.malyshev@mail.ru\r\n', '19.05.2016', '200000', '2016-05-30 10:44:09', 11),
(321, 'darina.fedorova.2001@mail.ru\r\n', '19.05.2016', '30000', '2016-05-30 10:44:09', 11),
(322, 'mzhegusova@mail.ru\r\n', '19.05.2016', '100000', '2016-05-30 10:44:09', 11),
(323, 'pnik2@bk.ru\r\n', '19.05.2016', '350000', '2016-05-30 10:44:09', 11),
(324, 'innokentii_kolod@mail.ru\r\n', '19.05.2016', '350000', '2016-05-30 10:44:09', 11),
(325, 'nsm2751@mail.ru\r\n', '19.05.2016', '10000', '2016-05-30 10:44:09', 11),
(326, 'shanna1956@mail.ru\r\n', '19.05.2016', '10000', '2016-05-30 10:44:09', 11),
(327, 'zapivaloff.dima@yandex.ru\r\n', '19.05.2016', '110000', '2016-05-30 10:44:09', 11),
(328, 'Saaska92@mail.ru\r\n', '19.05.2016', '140000', '2016-05-30 10:44:09', 11),
(329, 'natasha.akimova82@mail.ru\r\n', '19.05.2016', '450000', '2016-05-30 10:44:09', 11),
(330, 'PestryakBB@mail.ru\r\n', '19.05.2016', '60000', '2016-05-30 10:44:09', 11),
(331, 'valentinaser1962@mail.ru\r\n', '10.05.2016', '100000', '2016-05-30 10:44:09', 20),
(332, '864778bochuonai@gmail.com\r\n', '11.05.2016', '450000', '2016-05-30 10:44:09', 19),
(333, 'elinaedgar2009@gmail.com\r\n', '11.05.2016', '250000', '2016-05-30 10:44:09', 19),
(334, 'Tyskyl1@yandex.ru\r\n', '13.05.2016', '500000', '2016-05-30 10:44:09', 17),
(335, 'pushkina_26@mail.ru\r\n', '16.05.2016', '300000', '2016-05-30 10:44:09', 14),
(336, 'ciriusla86@mail.ru\r\n', '17.05.2016', '500000', '2016-05-30 10:44:09', 13),
(337, 'Olga.uarova.88@mail.ru\r\n', '17.05.2016', '250000', '2016-05-30 10:44:09', 13),
(338, 'GSE16@mail.ru\r\n', '17.05.2016', '350000', '2016-05-30 10:44:09', 13),
(339, 'agogol7013@gmail.com\r\n', '17.05.2016', '50000', '2016-05-30 10:44:09', 13),
(340, 'tuyaratarasova1989@mail.ru\r\n', '11.05.2016', '400000', '2016-05-30 10:44:09', 19),
(341, 'alst_12@mail.ru\r\n', '11.05.2016', '20000', '2016-05-30 10:44:09', 19),
(342, '89141077080@mail.ru\r\n', '17.05.2016', '150000', '2016-05-30 10:44:09', 13),
(343, 'stas.borisov89@mail.ru\r\n', '19.05.2016', '500000', '2016-05-30 10:44:09', 11),
(344, 'v.tuyara70@mail.ru\r\n', '19.05.2016', '50000', '2016-05-30 10:44:09', 11),
(345, 'k.svet56@mail.ru\r\n', '19.05.2016', '13000', '2016-05-30 10:44:09', 11),
(346, 'mari.neustroeva.68@mail.ru\r\n', '19.05.2016', '10000', '2016-05-30 10:44:09', 11),
(347, 'ildarpavlov888@mail.ru\r\n', '19.05.2016', '350000', '2016-05-30 10:44:09', 11),
(348, 'agitovna78@mail.ru\r\n', '19.05.2016', '250000', '2016-05-30 10:44:09', 11),
(349, 'ISP1948@mail.ru\r\n', '19.05.2016', '50000', '2016-05-30 10:44:09', 11),
(350, 'lenaafan1961@mail.ru\r\n', '19.05.2016', '100000', '2016-05-30 10:44:09', 11),
(351, 'SNA03021974@mail.ru\r\n', '19.05.2016', '30000', '2016-05-30 10:44:09', 11),
(352, 'akulinalog09@mail.ru\r\n', '16.05.2016', '450000', '2016-05-30 10:44:09', 14),
(353, 'natavas.1959@mail.ru\r\n', '19.05.2016', '150000', '2016-05-30 10:44:09', 11),
(354, 'Dayaana_std@mail.ru\r\n', '19.05.2016', '10000', '2016-05-30 10:44:09', 11),
(355, 'sargilanalebedkina@mail.ru\r\n', '19.05.2016', '350000', '2016-05-30 10:44:09', 11),
(356, 'alexpti79@mail.ru\r\n', '19.05.2016', '50000', '2016-05-30 10:44:09', 11),
(357, 'ameliprokopeva2017@mail.ru\r\n', '12.05.2016', '300000', '2016-05-30 10:44:09', 18),
(358, 'streshstep@mail.ru\r\n', '12.05.2016', '450000', '2016-05-30 10:44:09', 18),
(359, 'sardandreeva138@gmail.com\r\n', '16.05.2016', '100000', '2016-05-30 10:44:09', 14),
(360, 'maknani@bk.ru\r\n', '16.05.2016', '200000', '2016-05-30 10:44:09', 14),
(361, 'ivanov-p75@yandex.ru\r\n', '19.05.2016', '450000', '2016-05-30 10:44:09', 11),
(362, 'doctor_pinigina@mail.com\r\n', '20.05.2016', '100000', '2016-05-30 10:44:09', 10),
(363, 'mscreant@mail.ru', '20.05.2016', '130000', '2016-05-30 10:44:09', 10),
(364, 'vera_sanzhimitupova@mail.ru\r\n', '11.05.2016', '30000', '2016-06-30 09:12:54', 50),
(365, 'matrena-konstantinova@mail.ru\r\n', '12.05.2016', '5000', '2016-06-30 09:12:54', 49),
(366, 'tnoeva@list.ru\r\n', '12.05.2016', '5000', '2016-06-30 09:12:54', 49),
(367, 'slepaleksandra@mail.ru\r\n', '11.05.2016', '5000', '2016-06-30 09:12:54', 50),
(368, 'doktorov.66@mail.ru\r\n', '14.05.2016', '30000', '2016-06-30 09:12:54', 47),
(369, 'danstaskevic@mail.ru\r\n', '14.05.2016', '5000', '2016-06-30 09:12:54', 47),
(370, 'emirkereitov@gmail.com\r\n', '10.05.2016', '70000', '2016-06-30 09:12:54', 51),
(371, 'u.Larka@mail.ru\r\n', '12.05.2016', '80000', '2016-06-30 09:12:54', 49),
(372, 'krispanda111@gmail.com\r\n', '13.05.2016', '450000', '2016-06-30 09:12:54', 48),
(373, 'Simon_art69@mail.ru\r\n', '13.05.2016', '50000', '2016-06-30 09:12:54', 48),
(374, 'matann1965@mail.ru\r\n', '17.05.2016', '10000', '2016-06-30 09:12:54', 44),
(375, 'arturellyaev@mail.ru\r\n', '17.05.2016', '500000', '2016-06-30 09:12:54', 44),
(376, 'erkinnik99@mail.ru\r\n', '17.05.2016', '20000', '2016-06-30 09:12:54', 44),
(377, 'yurisiv98@mail.ru\r\n', '17.05.2016', '5000', '2016-06-30 09:12:54', 44),
(378, 'alenatim199918@gmail.com\r\n', '17.05.2016', '20000', '2016-06-30 09:12:54', 44),
(379, 'mironertyukov@list.ru\r\n', '10.05.2016', '300000', '2016-06-30 09:12:54', 51),
(380, 'ttorg72@mail.ru\r\n', '12.05.2016', '500000', '2016-06-30 09:12:54', 49),
(381, 'mr.rodomir@mail.ru\r\n', '17.05.2016', '50000', '2016-06-30 09:12:54', 44),
(382, 'nadikkaa84@mail.ru\r\n', '17.05.2016', '500000', '2016-06-30 09:12:54', 44),
(383, 'anya.kychkina@mail.ru\r\n', '17.05.2016', '300000', '2016-06-30 09:12:54', 44),
(384, 'popovnik2301@mail.ru\r\n', '16.05.2016', '300000', '2016-06-30 09:12:54', 45),
(385, 'ulya.ayanitova@mail.ru\r\n', '16.05.2016', '20000', '2016-06-30 09:12:54', 45),
(386, 'arin.pav@mail.ru\r\n', '16.05.2016', '5000', '2016-06-30 09:12:54', 45),
(387, 'sajnaarakorakina@gmail.com\r\n', '16.05.2016', '50000', '2016-06-30 09:12:54', 45),
(388, 'klavdiya.nikolaeva.49@mail.ru\r\n', '17.05.2016', '100000', '2016-06-30 09:12:54', 44),
(389, 'mikhail.efimov.64@mail.ru\r\n', '10.05.2016', '50000', '2016-06-30 09:12:54', 51),
(390, 'PNIKOLAY90@mail.ru\r\n', '11.05.2016', '450000', '2016-06-30 09:12:54', 50),
(391, 'ildora75@mail.ru\r\n', '17.05.2016', '50000', '2016-06-30 09:12:54', 44),
(392, 'tanya_nik_1983@mail.ru\r\n', '15.05.2016', '500000', '2016-06-30 09:12:54', 46),
(393, 'nov68darya@mail.ru\r\n', '17.05.2016', '30000', '2016-06-30 09:12:54', 44),
(394, 'siv86marfa@mail.ru\r\n', '17.05.2016', '30000', '2016-06-30 09:12:54', 44),
(395, 'makar.sv2016@yandex.ru\r\n', '17.05.2016', '450000', '2016-06-30 09:12:54', 44),
(396, 'vas.makarova99@mail.ru\r\n', '17.05.2016', '5000', '2016-06-30 09:12:54', 44),
(397, 'radnaev150489@mail.ru\r\n', '17.05.2016', '5000', '2016-06-30 09:12:54', 44),
(398, 'Argakovaalena@mail.ru\r\n', '17.05.2016', '350000', '2016-06-30 09:12:54', 44),
(399, 'alinka0187@mail.ru\r\n', '17.05.2016', '350000', '2016-06-30 09:12:54', 44),
(400, 'arsan-rektime@mail.ru\r\n', '17.05.2016', '350000', '2016-06-30 09:12:54', 44),
(401, 'Yaroi777ykt@mail.ru\r\n', '18.05.2016', '350000', '2016-06-30 09:12:54', 43),
(402, 'a88romanov@gmail.com\r\n', '18.05.2016', '100000', '2016-06-30 09:12:54', 43),
(403, 'pasha_10.12@mail.ru\r\n', '18.05.2016', '50000', '2016-06-30 09:12:54', 43),
(404, 'shurskayas@mail.ru\r\n', '18.05.2016', '500000', '2016-06-30 09:12:54', 43),
(405, 'nne2751@mail.ru\r\n', '18.05.2016', '10000', '2016-06-30 09:12:54', 43),
(406, 'milena14062000@icloud.com\r\n', '18.05.2016', '50000', '2016-06-30 09:12:54', 43),
(407, 'lanatur1952@mail.ru\r\n', '18.05.2016', '10000', '2016-06-30 09:12:55', 43),
(408, 'ylapetrova01@gmail.com\r\n', '18.05.2016', '50000', '2016-06-30 09:12:55', 43),
(409, 'alexandra.60@inbox.ru\r\n', '16.05.2016', '100000', '2016-06-30 09:12:55', 45),
(410, 'bachka_1011@yahoo.com\r\n', '16.05.2016', '350000', '2016-06-30 09:12:55', 45),
(411, 'ant.romanova2015@yandex.ru\r\n', '12.05.2016', '200000', '2016-06-30 09:12:55', 49),
(412, 'Stepanofpmed@gmail.com\r\n', '12.05.2016', '70000', '2016-06-30 09:12:55', 49),
(413, 'env-ykt@yandex.ru\r\n', '13.05.2016', '450000', '2016-06-30 09:12:55', 48),
(414, 'Mahalvovna_89@mail.ru\r\n', '14.05.2016', '70000', '2016-06-30 09:12:55', 47),
(415, 'khpan@mail.ru\r\n', '16.05.2016', '500000', '2016-06-30 09:12:55', 45),
(416, 'aprok000@gmail.com\r\n', '18.05.2016', '350000', '2016-06-30 09:12:55', 43),
(417, 'anastasianazarova6@gmail.com\r\n', '18.05.2016', '200000', '2016-06-30 09:12:55', 43),
(418, 'fedotovasar1980@gmail.com\r\n', '18.05.2016', '450000', '2016-06-30 09:12:55', 43),
(419, 'kyoregei87@mail.ru\r\n', '19.05.2016', '200000', '2016-06-30 09:12:55', 42),
(420, 'nurgunneustroev@mail.ru\r\n', '19.05.2016', '450000', '2016-06-30 09:12:55', 42),
(421, 'Femalestrv@mail.ru\r\n', '19.05.2016', '200000', '2016-06-30 09:12:55', 42),
(422, 'valentin-kolod2016@yandex.ru\r\n', '19.05.2016', '230000', '2016-06-30 09:12:55', 42),
(423, 'yurchenko-alla@list.ru\r\n', '19.05.2016', '50000', '2016-06-30 09:12:55', 42),
(424, 'sivtsevaTV74@mail.ru\r\n', '19.05.2016', '60000', '2016-06-30 09:12:55', 42),
(425, 'antonovaZM85@mail.ru\r\n', '19.05.2016', '150000', '2016-06-30 09:12:55', 42),
(426, 'vinraykon@mail.ru\r\n', '19.05.2016', '50000', '2016-06-30 09:12:55', 42),
(427, 'argunovaLP64@mail.ru\r\n', '19.05.2016', '5000', '2016-06-30 09:12:55', 42),
(428, 'sidorovAM55@mail.ru\r\n', '16.05.2016', '50000', '2016-06-30 09:12:55', 45),
(429, 'albina-stepanova78@mail.ru\r\n', '19.05.2016', '80000', '2016-06-30 09:12:55', 42),
(430, 'anna.polyatinskaya@gmail.com\r\n', '19.05.2016', '250000', '2016-06-30 09:12:55', 42),
(431, 'petrsiv78@mail.ru\r\n', '19.05.2016', '150000', '2016-06-30 09:12:55', 42),
(432, 'impossiblek21@mail.ru\r\n', '18.05.2016', '5000', '2016-06-30 09:12:55', 43),
(433, 'niknikzakharov@mail.ru\r\n', '18.05.2016', '400000', '2016-06-30 09:12:55', 43),
(434, 'lekhanoev1989@mail.ru\r\n', '18.05.2016', '350000', '2016-06-30 09:12:55', 43),
(435, 'Mak_Sakhaya@mail.ru\r\n', '18.05.2016', '90000', '2016-06-30 09:12:55', 43),
(436, 'Lenochkazakharova@mail.ru\r\n', '19.05.2016', '10000', '2016-06-30 09:12:55', 42),
(437, 'I.fedorov1@icloud.com\r\n', '19.05.2016', '350000', '2016-06-30 09:12:55', 42),
(438, 'Vinok_09@mail.ru\r\n', '19.05.2016', '130000', '2016-06-30 09:12:55', 42),
(439, 'Agnessa_Ayanessa2799@mail.ru\r\n', '19.05.2016', '255000', '2016-06-30 09:12:55', 42),
(440, 'petrushin.1964@inbox.ru\r\n', '19.05.2016', '5000', '2016-06-30 09:12:55', 42),
(441, 'gavril.malyshev@mail.ru\r\n', '19.05.2016', '200000', '2016-06-30 09:12:55', 42),
(442, 'darina.fedorova.2001@mail.ru\r\n', '19.05.2016', '30000', '2016-06-30 09:12:55', 42),
(443, 'mzhegusova@mail.ru\r\n', '19.05.2016', '100000', '2016-06-30 09:12:55', 42),
(444, 'pnik2@bk.ru\r\n', '19.05.2016', '350000', '2016-06-30 09:12:55', 42),
(445, 'innokentii_kolod@mail.ru\r\n', '19.05.2016', '350000', '2016-06-30 09:12:55', 42),
(446, 'nsm2751@mail.ru\r\n', '19.05.2016', '10000', '2016-06-30 09:12:55', 42),
(447, 'shanna1956@mail.ru\r\n', '19.05.2016', '10000', '2016-06-30 09:12:55', 42),
(448, 'zapivaloff.dima@yandex.ru\r\n', '19.05.2016', '110000', '2016-06-30 09:12:55', 42),
(449, 'Saaska92@mail.ru\r\n', '19.05.2016', '140000', '2016-06-30 09:12:55', 42),
(450, 'natasha.akimova82@mail.ru\r\n', '19.05.2016', '450000', '2016-06-30 09:12:55', 42),
(451, 'PestryakBB@mail.ru\r\n', '19.05.2016', '60000', '2016-06-30 09:12:55', 42),
(452, 'valentinaser1962@mail.ru\r\n', '10.05.2016', '100000', '2016-06-30 09:12:55', 51),
(453, '864778bochuonai@gmail.com\r\n', '11.05.2016', '450000', '2016-06-30 09:12:55', 50),
(454, 'elinaedgar2009@gmail.com\r\n', '11.05.2016', '250000', '2016-06-30 09:12:55', 50),
(455, 'Tyskyl1@yandex.ru\r\n', '13.05.2016', '500000', '2016-06-30 09:12:55', 48),
(456, 'pushkina_26@mail.ru\r\n', '16.05.2016', '300000', '2016-06-30 09:12:55', 45),
(457, 'ciriusla86@mail.ru\r\n', '17.05.2016', '500000', '2016-06-30 09:12:55', 44),
(458, 'Olga.uarova.88@mail.ru\r\n', '17.05.2016', '250000', '2016-06-30 09:12:55', 44),
(459, 'GSE16@mail.ru\r\n', '17.05.2016', '350000', '2016-06-30 09:12:55', 44),
(460, 'agogol7013@gmail.com\r\n', '17.05.2016', '50000', '2016-06-30 09:12:55', 44),
(461, 'tuyaratarasova1989@mail.ru\r\n', '11.05.2016', '400000', '2016-06-30 09:12:55', 50),
(462, 'alst_12@mail.ru\r\n', '11.05.2016', '20000', '2016-06-30 09:12:55', 50),
(463, '89141077080@mail.ru\r\n', '17.05.2016', '150000', '2016-06-30 09:12:55', 44),
(464, 'stas.borisov89@mail.ru\r\n', '19.05.2016', '500000', '2016-06-30 09:12:55', 42),
(465, 'v.tuyara70@mail.ru\r\n', '19.05.2016', '50000', '2016-06-30 09:12:55', 42),
(466, 'k.svet56@mail.ru\r\n', '19.05.2016', '13000', '2016-06-30 09:12:55', 42),
(467, 'mari.neustroeva.68@mail.ru\r\n', '19.05.2016', '10000', '2016-06-30 09:12:55', 42),
(468, 'ildarpavlov888@mail.ru\r\n', '19.05.2016', '350000', '2016-06-30 09:12:55', 42),
(469, 'agitovna78@mail.ru\r\n', '19.05.2016', '250000', '2016-06-30 09:12:55', 42),
(470, 'ISP1948@mail.ru\r\n', '19.05.2016', '50000', '2016-06-30 09:12:55', 42),
(471, 'lenaafan1961@mail.ru\r\n', '19.05.2016', '100000', '2016-06-30 09:12:55', 42),
(472, 'SNA03021974@mail.ru\r\n', '19.05.2016', '30000', '2016-06-30 09:12:55', 42),
(473, 'akulinalog09@mail.ru\r\n', '16.05.2016', '450000', '2016-06-30 09:12:55', 45),
(474, 'natavas.1959@mail.ru\r\n', '19.05.2016', '150000', '2016-06-30 09:12:55', 42),
(475, 'Dayaana_std@mail.ru\r\n', '19.05.2016', '10000', '2016-06-30 09:12:55', 42),
(476, 'sargilanalebedkina@mail.ru\r\n', '19.05.2016', '350000', '2016-06-30 09:12:55', 42),
(477, 'alexpti79@mail.ru\r\n', '19.05.2016', '50000', '2016-06-30 09:12:55', 42),
(478, 'ameliprokopeva2017@mail.ru\r\n', '12.05.2016', '300000', '2016-06-30 09:12:55', 49),
(479, 'streshstep@mail.ru\r\n', '12.05.2016', '450000', '2016-06-30 09:12:55', 49),
(480, 'sardandreeva138@gmail.com\r\n', '16.05.2016', '100000', '2016-06-30 09:12:55', 45),
(481, 'maknani@bk.ru\r\n', '16.05.2016', '200000', '2016-06-30 09:12:55', 45),
(482, 'ivanov-p75@yandex.ru\r\n', '19.05.2016', '450000', '2016-06-30 09:12:55', 42),
(483, 'doctor_pinigina@mail.com\r\n', '20.05.2016', '100000', '2016-06-30 09:12:55', 41),
(484, 'mscreant@mail.ru', '20.05.2016', '130000', '2016-06-30 09:12:55', 41),
(485, 'vera_sanzhimitupova@mail.ru\r\n', '11.05.2016', '30000', '2016-07-18 11:53:35', 68),
(486, 'matrena-konstantinova@mail.ru\r\n', '12.05.2016', '5000', '2016-07-18 11:53:35', 67),
(487, 'tnoeva@list.ru\r\n', '12.05.2016', '5000', '2016-07-18 11:53:35', 67),
(488, 'slepaleksandra@mail.ru\r\n', '11.05.2016', '5000', '2016-07-18 11:53:35', 68),
(489, 'doktorov.66@mail.ru\r\n', '14.05.2016', '30000', '2016-07-18 11:53:35', 65),
(490, 'danstaskevic@mail.ru\r\n', '14.05.2016', '5000', '2016-07-18 11:53:35', 65),
(491, 'emirkereitov@gmail.com\r\n', '10.05.2016', '70000', '2016-07-18 11:53:35', 69),
(492, 'u.Larka@mail.ru\r\n', '12.05.2016', '80000', '2016-07-18 11:53:35', 67),
(493, 'krispanda111@gmail.com\r\n', '13.05.2016', '450000', '2016-07-18 11:53:35', 66),
(494, 'Simon_art69@mail.ru\r\n', '13.05.2016', '50000', '2016-07-18 11:53:35', 66),
(495, 'matann1965@mail.ru\r\n', '17.05.2016', '10000', '2016-07-18 11:53:35', 62),
(496, 'arturellyaev@mail.ru\r\n', '17.05.2016', '500000', '2016-07-18 11:53:35', 62),
(497, 'erkinnik99@mail.ru\r\n', '17.05.2016', '20000', '2016-07-18 11:53:35', 62),
(498, 'yurisiv98@mail.ru\r\n', '17.05.2016', '5000', '2016-07-18 11:53:35', 62),
(499, 'alenatim199918@gmail.com\r\n', '17.05.2016', '20000', '2016-07-18 11:53:35', 62),
(500, 'mironertyukov@list.ru\r\n', '10.05.2016', '300000', '2016-07-18 11:53:35', 69),
(501, 'ttorg72@mail.ru\r\n', '12.05.2016', '500000', '2016-07-18 11:53:35', 67),
(502, 'mr.rodomir@mail.ru\r\n', '17.05.2016', '50000', '2016-07-18 11:53:35', 62),
(503, 'nadikkaa84@mail.ru\r\n', '17.05.2016', '500000', '2016-07-18 11:53:35', 62),
(504, 'anya.kychkina@mail.ru\r\n', '17.05.2016', '300000', '2016-07-18 11:53:35', 62),
(505, 'popovnik2301@mail.ru\r\n', '16.05.2016', '300000', '2016-07-18 11:53:35', 63),
(506, 'ulya.ayanitova@mail.ru\r\n', '16.05.2016', '20000', '2016-07-18 11:53:35', 63),
(507, 'arin.pav@mail.ru\r\n', '16.05.2016', '5000', '2016-07-18 11:53:35', 63),
(508, 'sajnaarakorakina@gmail.com\r\n', '16.05.2016', '50000', '2016-07-18 11:53:35', 63),
(509, 'klavdiya.nikolaeva.49@mail.ru\r\n', '17.05.2016', '100000', '2016-07-18 11:53:35', 62),
(510, 'mikhail.efimov.64@mail.ru\r\n', '10.05.2016', '50000', '2016-07-18 11:53:35', 69),
(511, 'PNIKOLAY90@mail.ru\r\n', '11.05.2016', '450000', '2016-07-18 11:53:35', 68),
(512, 'ildora75@mail.ru\r\n', '17.05.2016', '50000', '2016-07-18 11:53:35', 62),
(513, 'tanya_nik_1983@mail.ru\r\n', '15.05.2016', '500000', '2016-07-18 11:53:35', 64),
(514, 'nov68darya@mail.ru\r\n', '17.05.2016', '30000', '2016-07-18 11:53:35', 62),
(515, 'siv86marfa@mail.ru\r\n', '17.05.2016', '30000', '2016-07-18 11:53:35', 62),
(516, 'makar.sv2016@yandex.ru\r\n', '17.05.2016', '450000', '2016-07-18 11:53:35', 62),
(517, 'vas.makarova99@mail.ru\r\n', '17.05.2016', '5000', '2016-07-18 11:53:35', 62),
(518, 'radnaev150489@mail.ru\r\n', '17.05.2016', '5000', '2016-07-18 11:53:35', 62),
(519, 'Argakovaalena@mail.ru\r\n', '17.05.2016', '350000', '2016-07-18 11:53:35', 62),
(520, 'alinka0187@mail.ru\r\n', '17.05.2016', '350000', '2016-07-18 11:53:35', 62),
(521, 'arsan-rektime@mail.ru\r\n', '17.05.2016', '350000', '2016-07-18 11:53:35', 62),
(522, 'Yaroi777ykt@mail.ru\r\n', '18.05.2016', '350000', '2016-07-18 11:53:35', 61),
(523, 'a88romanov@gmail.com\r\n', '18.05.2016', '100000', '2016-07-18 11:53:35', 61),
(524, 'pasha_10.12@mail.ru\r\n', '18.05.2016', '50000', '2016-07-18 11:53:35', 61),
(525, 'shurskayas@mail.ru\r\n', '18.05.2016', '500000', '2016-07-18 11:53:35', 61),
(526, 'nne2751@mail.ru\r\n', '18.05.2016', '10000', '2016-07-18 11:53:35', 61),
(527, 'milena14062000@icloud.com\r\n', '18.05.2016', '50000', '2016-07-18 11:53:35', 61),
(528, 'lanatur1952@mail.ru\r\n', '18.05.2016', '10000', '2016-07-18 11:53:35', 61),
(529, 'ylapetrova01@gmail.com\r\n', '18.05.2016', '50000', '2016-07-18 11:53:35', 61),
(530, 'alexandra.60@inbox.ru\r\n', '16.05.2016', '100000', '2016-07-18 11:53:35', 63),
(531, 'bachka_1011@yahoo.com\r\n', '16.05.2016', '350000', '2016-07-18 11:53:35', 63),
(532, 'ant.romanova2015@yandex.ru\r\n', '12.05.2016', '200000', '2016-07-18 11:53:35', 67),
(533, 'Stepanofpmed@gmail.com\r\n', '12.05.2016', '70000', '2016-07-18 11:53:35', 67),
(534, 'env-ykt@yandex.ru\r\n', '13.05.2016', '450000', '2016-07-18 11:53:35', 66),
(535, 'Mahalvovna_89@mail.ru\r\n', '14.05.2016', '70000', '2016-07-18 11:53:35', 65),
(536, 'khpan@mail.ru\r\n', '16.05.2016', '500000', '2016-07-18 11:53:35', 63),
(537, 'aprok000@gmail.com\r\n', '18.05.2016', '350000', '2016-07-18 11:53:35', 61),
(538, 'anastasianazarova6@gmail.com\r\n', '18.05.2016', '200000', '2016-07-18 11:53:35', 61),
(539, 'fedotovasar1980@gmail.com\r\n', '18.05.2016', '450000', '2016-07-18 11:53:35', 61),
(540, 'kyoregei87@mail.ru\r\n', '19.05.2016', '200000', '2016-07-18 11:53:35', 60),
(541, 'nurgunneustroev@mail.ru\r\n', '19.05.2016', '450000', '2016-07-18 11:53:35', 60),
(542, 'Femalestrv@mail.ru\r\n', '19.05.2016', '200000', '2016-07-18 11:53:35', 60),
(543, 'valentin-kolod2016@yandex.ru\r\n', '19.05.2016', '230000', '2016-07-18 11:53:35', 60),
(544, 'yurchenko-alla@list.ru\r\n', '19.05.2016', '50000', '2016-07-18 11:53:35', 60),
(545, 'sivtsevaTV74@mail.ru\r\n', '19.05.2016', '60000', '2016-07-18 11:53:35', 60),
(546, 'antonovaZM85@mail.ru\r\n', '19.05.2016', '150000', '2016-07-18 11:53:35', 60),
(547, 'vinraykon@mail.ru\r\n', '19.05.2016', '50000', '2016-07-18 11:53:35', 60),
(548, 'argunovaLP64@mail.ru\r\n', '19.05.2016', '5000', '2016-07-18 11:53:35', 60),
(549, 'sidorovAM55@mail.ru\r\n', '16.05.2016', '50000', '2016-07-18 11:53:35', 63),
(550, 'albina-stepanova78@mail.ru\r\n', '19.05.2016', '80000', '2016-07-18 11:53:35', 60),
(551, 'anna.polyatinskaya@gmail.com\r\n', '19.05.2016', '250000', '2016-07-18 11:53:35', 60),
(552, 'petrsiv78@mail.ru\r\n', '19.05.2016', '150000', '2016-07-18 11:53:35', 60),
(553, 'impossiblek21@mail.ru\r\n', '18.05.2016', '5000', '2016-07-18 11:53:35', 61),
(554, 'niknikzakharov@mail.ru\r\n', '18.05.2016', '400000', '2016-07-18 11:53:35', 61),
(555, 'lekhanoev1989@mail.ru\r\n', '18.05.2016', '350000', '2016-07-18 11:53:35', 61),
(556, 'Mak_Sakhaya@mail.ru\r\n', '18.05.2016', '90000', '2016-07-18 11:53:35', 61),
(557, 'Lenochkazakharova@mail.ru\r\n', '19.05.2016', '10000', '2016-07-18 11:53:35', 60),
(558, 'I.fedorov1@icloud.com\r\n', '19.05.2016', '350000', '2016-07-18 11:53:35', 60),
(559, 'Vinok_09@mail.ru\r\n', '19.05.2016', '130000', '2016-07-18 11:53:35', 60),
(560, 'Agnessa_Ayanessa2799@mail.ru\r\n', '19.05.2016', '255000', '2016-07-18 11:53:35', 60),
(561, 'petrushin.1964@inbox.ru\r\n', '19.05.2016', '5000', '2016-07-18 11:53:35', 60),
(562, 'gavril.malyshev@mail.ru\r\n', '19.05.2016', '200000', '2016-07-18 11:53:35', 60),
(563, 'darina.fedorova.2001@mail.ru\r\n', '19.05.2016', '30000', '2016-07-18 11:53:35', 60),
(564, 'mzhegusova@mail.ru\r\n', '19.05.2016', '100000', '2016-07-18 11:53:35', 60),
(565, 'pnik2@bk.ru\r\n', '19.05.2016', '350000', '2016-07-18 11:53:35', 60),
(566, 'innokentii_kolod@mail.ru\r\n', '19.05.2016', '350000', '2016-07-18 11:53:35', 60),
(567, 'nsm2751@mail.ru\r\n', '19.05.2016', '10000', '2016-07-18 11:53:35', 60),
(568, 'shanna1956@mail.ru\r\n', '19.05.2016', '10000', '2016-07-18 11:53:35', 60),
(569, 'zapivaloff.dima@yandex.ru\r\n', '19.05.2016', '110000', '2016-07-18 11:53:35', 60),
(570, 'Saaska92@mail.ru\r\n', '19.05.2016', '140000', '2016-07-18 11:53:35', 60),
(571, 'natasha.akimova82@mail.ru\r\n', '19.05.2016', '450000', '2016-07-18 11:53:35', 60),
(572, 'PestryakBB@mail.ru\r\n', '19.05.2016', '60000', '2016-07-18 11:53:35', 60),
(573, 'valentinaser1962@mail.ru\r\n', '10.05.2016', '100000', '2016-07-18 11:53:35', 69),
(574, '864778bochuonai@gmail.com\r\n', '11.05.2016', '450000', '2016-07-18 11:53:35', 68),
(575, 'elinaedgar2009@gmail.com\r\n', '11.05.2016', '250000', '2016-07-18 11:53:35', 68),
(576, 'Tyskyl1@yandex.ru\r\n', '13.05.2016', '500000', '2016-07-18 11:53:35', 66),
(577, 'pushkina_26@mail.ru\r\n', '16.05.2016', '300000', '2016-07-18 11:53:35', 63),
(578, 'ciriusla86@mail.ru\r\n', '17.05.2016', '500000', '2016-07-18 11:53:35', 62),
(579, 'Olga.uarova.88@mail.ru\r\n', '17.05.2016', '250000', '2016-07-18 11:53:35', 62),
(580, 'GSE16@mail.ru\r\n', '17.05.2016', '350000', '2016-07-18 11:53:35', 62),
(581, 'agogol7013@gmail.com\r\n', '17.05.2016', '50000', '2016-07-18 11:53:35', 62),
(582, 'tuyaratarasova1989@mail.ru\r\n', '11.05.2016', '400000', '2016-07-18 11:53:35', 68),
(583, 'alst_12@mail.ru\r\n', '11.05.2016', '20000', '2016-07-18 11:53:35', 68),
(584, '89141077080@mail.ru\r\n', '17.05.2016', '150000', '2016-07-18 11:53:35', 62),
(585, 'stas.borisov89@mail.ru\r\n', '19.05.2016', '500000', '2016-07-18 11:53:35', 60),
(586, 'v.tuyara70@mail.ru\r\n', '19.05.2016', '50000', '2016-07-18 11:53:35', 60),
(587, 'k.svet56@mail.ru\r\n', '19.05.2016', '13000', '2016-07-18 11:53:35', 60),
(588, 'mari.neustroeva.68@mail.ru\r\n', '19.05.2016', '10000', '2016-07-18 11:53:35', 60),
(589, 'ildarpavlov888@mail.ru\r\n', '19.05.2016', '350000', '2016-07-18 11:53:35', 60),
(590, 'agitovna78@mail.ru\r\n', '19.05.2016', '250000', '2016-07-18 11:53:35', 60),
(591, 'ISP1948@mail.ru\r\n', '19.05.2016', '50000', '2016-07-18 11:53:35', 60),
(592, 'lenaafan1961@mail.ru\r\n', '19.05.2016', '100000', '2016-07-18 11:53:35', 60),
(593, 'SNA03021974@mail.ru\r\n', '19.05.2016', '30000', '2016-07-18 11:53:35', 60),
(594, 'akulinalog09@mail.ru\r\n', '16.05.2016', '450000', '2016-07-18 11:53:35', 63),
(595, 'natavas.1959@mail.ru\r\n', '19.05.2016', '150000', '2016-07-18 11:53:35', 60),
(596, 'Dayaana_std@mail.ru\r\n', '19.05.2016', '10000', '2016-07-18 11:53:35', 60),
(597, 'sargilanalebedkina@mail.ru\r\n', '19.05.2016', '350000', '2016-07-18 11:53:35', 60);
INSERT INTO `clients2` (`id`, `email`, `date`, `sum`, `current_date`, `different_day`) VALUES
(598, 'alexpti79@mail.ru\r\n', '19.05.2016', '50000', '2016-07-18 11:53:35', 60),
(599, 'ameliprokopeva2017@mail.ru\r\n', '12.05.2016', '300000', '2016-07-18 11:53:35', 67),
(600, 'streshstep@mail.ru\r\n', '12.05.2016', '450000', '2016-07-18 11:53:35', 67),
(601, 'sardandreeva138@gmail.com\r\n', '16.05.2016', '100000', '2016-07-18 11:53:35', 63),
(602, 'maknani@bk.ru\r\n', '16.05.2016', '200000', '2016-07-18 11:53:35', 63),
(603, 'ivanov-p75@yandex.ru\r\n', '19.05.2016', '450000', '2016-07-18 11:53:35', 60),
(604, 'doctor_pinigina@mail.com\r\n', '20.05.2016', '100000', '2016-07-18 11:53:35', 59),
(605, 'mscreant@mail.ru', '20.05.2016', '130000', '2016-07-18 11:53:35', 59);

-- --------------------------------------------------------

--
-- Структура таблицы `clients_test`
--

CREATE TABLE IF NOT EXISTS `clients_test` (
  `id` int(10) unsigned NOT NULL AUTO_INCREMENT,
  `name` varchar(50) NOT NULL DEFAULT '0',
  `time_registration` timestamp NOT NULL DEFAULT CURRENT_TIMESTAMP,
  PRIMARY KEY (`id`)
) ENGINE=InnoDB  DEFAULT CHARSET=utf8 AUTO_INCREMENT=10 ;

--
-- Дамп данных таблицы `clients_test`
--

INSERT INTO `clients_test` (`id`, `name`, `time_registration`) VALUES
(1, 'ivan', '2016-05-25 15:02:14'),
(2, 'Вася', '2016-05-25 15:03:31'),
(3, 'Вася', '2016-05-25 15:05:37'),
(4, 'Вася', '2016-05-25 15:11:07'),
(5, 'Вася', '2016-05-25 15:14:21'),
(6, 'Вася', '2016-05-25 15:14:22'),
(7, 'Вася', '2016-05-25 15:15:52'),
(8, 'Вася', '2016-05-25 15:33:35'),
(9, 'Вася', '2016-05-25 15:35:13');

-- --------------------------------------------------------

--
-- Структура таблицы `dating`
--

CREATE TABLE IF NOT EXISTS `dating` (
  `id` int(5) unsigned NOT NULL AUTO_INCREMENT,
  `data` timestamp NOT NULL DEFAULT CURRENT_TIMESTAMP ON UPDATE CURRENT_TIMESTAMP,
  PRIMARY KEY (`id`)
) ENGINE=InnoDB  DEFAULT CHARSET=utf8 AUTO_INCREMENT=3 ;

--
-- Дамп данных таблицы `dating`
--

INSERT INTO `dating` (`id`, `data`) VALUES
(1, '0000-00-00 00:00:00'),
(2, '2016-05-19 08:17:12');

-- --------------------------------------------------------

--
-- Структура таблицы `friends`
--

CREATE TABLE IF NOT EXISTS `friends` (
  `id` int(5) unsigned NOT NULL AUTO_INCREMENT,
  `user_id` int(5) unsigned DEFAULT NULL,
  `friend_user` int(5) unsigned DEFAULT NULL,
  PRIMARY KEY (`id`),
  KEY `friend_user` (`friend_user`),
  KEY `user_id` (`user_id`)
) ENGINE=InnoDB  DEFAULT CHARSET=utf8 AUTO_INCREMENT=34 ;

--
-- Дамп данных таблицы `friends`
--

INSERT INTO `friends` (`id`, `user_id`, `friend_user`) VALUES
(3, 2, 1),
(10, 2, 14),
(11, 2, 13),
(29, 1, 2),
(30, 14, 14),
(31, 1, 1),
(32, 1, 13),
(33, 1, 14);

-- --------------------------------------------------------

--
-- Структура таблицы `gender`
--

CREATE TABLE IF NOT EXISTS `gender` (
  `id` int(5) unsigned NOT NULL AUTO_INCREMENT,
  `name_gender` varchar(50) NOT NULL,
  PRIMARY KEY (`id`)
) ENGINE=InnoDB  DEFAULT CHARSET=utf8 AUTO_INCREMENT=3 ;

--
-- Дамп данных таблицы `gender`
--

INSERT INTO `gender` (`id`, `name_gender`) VALUES
(1, 'чоловіча'),
(2, 'жіноча');

-- --------------------------------------------------------

--
-- Структура таблицы `town`
--

CREATE TABLE IF NOT EXISTS `town` (
  `id` int(10) unsigned NOT NULL AUTO_INCREMENT,
  `country` varchar(100) NOT NULL,
  `name_town` varchar(100) NOT NULL,
  `peaples` int(10) NOT NULL,
  PRIMARY KEY (`id`)
) ENGINE=InnoDB  DEFAULT CHARSET=utf8 AUTO_INCREMENT=11 ;

--
-- Дамп данных таблицы `town`
--

INSERT INTO `town` (`id`, `country`, `name_town`, `peaples`) VALUES
(1, 'Україна', 'Вінниця', 500000),
(2, 'Україна', 'Київ', 3000000),
(3, 'Україна', 'Харків', 1451132),
(4, 'Україна', 'Львів', 729038),
(5, 'Україна', 'Жмеринка', 37349),
(6, 'Україна', 'Козятин', 27643),
(7, 'Україна', 'Луцьк', 208816),
(8, 'Україна', 'Дніпропетровськ', 1080846),
(9, 'Білорусь', 'Мінськ', 1922002),
(10, 'ewrwre', 'ertwet', 464644);

-- --------------------------------------------------------

--
-- Структура таблицы `users`
--

CREATE TABLE IF NOT EXISTS `users` (
  `id` int(5) unsigned NOT NULL AUTO_INCREMENT,
  `name` varchar(50) NOT NULL,
  `gender_id` int(5) unsigned NOT NULL,
  `age` int(3) NOT NULL,
  `friend_id` int(3) NOT NULL,
  PRIMARY KEY (`id`),
  KEY `gender_id` (`gender_id`)
) ENGINE=InnoDB  DEFAULT CHARSET=utf8 AUTO_INCREMENT=15 ;

--
-- Дамп данных таблицы `users`
--

INSERT INTO `users` (`id`, `name`, `gender_id`, `age`, `friend_id`) VALUES
(1, 'Іван', 1, 27, 0),
(2, 'Вітя', 1, 25, 0),
(13, 'Ihor', 1, 34, 0),
(14, 'Юра', 1, 22, 0);

--
-- Ограничения внешнего ключа сохраненных таблиц
--

--
-- Ограничения внешнего ключа таблицы `friends`
--
ALTER TABLE `friends`
  ADD CONSTRAINT `friend_user` FOREIGN KEY (`friend_user`) REFERENCES `users` (`id`),
  ADD CONSTRAINT `user_id` FOREIGN KEY (`user_id`) REFERENCES `users` (`id`);

--
-- Ограничения внешнего ключа таблицы `users`
--
ALTER TABLE `users`
  ADD CONSTRAINT `gen_key` FOREIGN KEY (`gender_id`) REFERENCES `gender` (`id`);

/*!40101 SET CHARACTER_SET_CLIENT=@OLD_CHARACTER_SET_CLIENT */;
/*!40101 SET CHARACTER_SET_RESULTS=@OLD_CHARACTER_SET_RESULTS */;
/*!40101 SET COLLATION_CONNECTION=@OLD_COLLATION_CONNECTION */;
